vertex_index,node,level_0,level_1,level_2,level_3,level_4,level_5,level_6,level_7,level_8,level_9,level_10
0,ABW_1,101,9,7,1,0,1,1,1,1,1,4
1,AFG_1,43,17,7,1,0,1,1,1,1,1,4
2,AGL_1,170,29,7,1,0,1,1,1,1,1,4
3,AGO_1,43,17,7,1,0,1,1,1,1,1,4
4,ALB_1,94,26,7,1,0,1,1,1,1,1,4
5,AND_1,170,29,7,1,0,1,1,1,1,1,4
6,ANT_1,125,17,7,1,0,1,1,1,1,1,4
7,ARE_1,64,26,7,1,0,1,1,1,1,1,4
8,ARG_1,109,18,7,1,0,1,1,1,1,1,4
9,ARM_1,94,26,7,1,0,1,1,1,1,1,4
10,ASM_1,216,29,7,1,0,1,1,1,1,1,4
11,ATF_1,125,17,7,1,0,1,1,1,1,1,4
12,ATG_1,97,17,7,1,0,1,1,1,1,1,4
13,AUS_1,64,26,7,1,0,1,1,1,1,1,4
14,AUT_1,122,9,7,1,0,1,1,1,1,1,4
15,AZE_1,20,9,7,1,0,1,1,1,1,1,4
16,BDI_1,97,17,7,1,0,1,1,1,1,1,4
17,BEL_1,513,19,7,1,0,1,1,1,1,1,4
18,BEN_1,130,9,7,1,0,1,1,1,1,1,4
19,BES_1,125,17,7,1,0,1,1,1,1,1,4
20,BFA_1,122,9,7,1,0,1,1,1,1,1,4
21,BGD_1,122,9,7,1,0,1,1,1,1,1,4
22,BGR_1,209,19,7,1,0,1,1,1,1,1,4
23,BHR_1,143,9,7,1,0,1,1,1,1,1,4
24,BHS_1,141,17,7,1,0,1,1,1,1,1,4
25,BIH_1,94,26,7,1,0,1,1,1,1,1,4
26,BLR_1,101,9,7,1,0,1,1,1,1,1,4
27,BLZ_1,43,17,7,1,0,1,1,1,1,1,4
28,BMU_1,64,26,7,1,0,1,1,1,1,1,4
29,BOL_1,94,26,7,1,0,1,1,1,1,1,4
30,BRA_1,209,19,7,1,0,1,1,1,1,1,4
31,BRB_1,101,9,7,1,0,1,1,1,1,1,4
32,BRN_1,43,17,7,1,0,1,1,1,1,1,4
33,BTN_1,170,29,7,1,0,1,1,1,1,1,4
34,BVT_1,97,17,7,1,0,1,1,1,1,1,4
35,BWA_1,130,9,7,1,0,1,1,1,1,1,4
36,CAF_1,97,17,7,1,0,1,1,1,1,1,4
37,CAN_1,209,19,7,1,0,1,1,1,1,1,4
38,CCK_1,113,17,7,1,0,1,1,1,1,1,4
39,CHE_1,109,18,7,1,0,1,1,1,1,1,4
40,CHL_1,94,26,7,1,0,1,1,1,1,1,4
41,CHN_1,513,19,7,1,0,1,1,1,1,1,4
42,CIV_1,11,29,7,1,0,1,1,1,1,1,4
43,CMR_1,97,17,7,1,0,1,1,1,1,1,4
44,COD_1,97,17,7,1,0,1,1,1,1,1,4
45,COG_1,216,29,7,1,0,1,1,1,1,1,4
46,COK_1,216,29,7,1,0,1,1,1,1,1,4
47,COL_1,141,17,7,1,0,1,1,1,1,1,4
48,COM_1,97,17,7,1,0,1,1,1,1,1,4
49,CPV_1,97,17,7,1,0,1,1,1,1,1,4
50,CRI_1,101,9,7,1,0,1,1,1,1,1,4
51,CUB_1,43,17,7,1,0,1,1,1,1,1,4
52,CUR_1,101,9,7,1,0,1,1,1,1,1,4
53,CXR_1,113,17,7,1,0,1,1,1,1,1,4
54,CYM_1,64,26,7,1,0,1,1,1,1,1,4
55,CYP_1,64,26,7,1,0,1,1,1,1,1,4
56,CZE_1,101,9,7,1,0,1,1,1,1,1,4
57,DEU_1,109,18,7,1,0,1,1,1,1,1,4
58,DJI_1,97,17,7,1,0,1,1,1,1,1,4
59,DMA_1,216,29,7,1,0,1,1,1,1,1,4
60,DNK_1,109,18,7,1,0,1,1,1,1,1,4
61,DOM_1,141,17,7,1,0,1,1,1,1,1,4
62,DZA_1,89,29,7,1,0,1,1,1,1,1,4
63,ECU_1,43,17,7,1,0,1,1,1,1,1,4
64,EGY_1,141,17,7,1,0,1,1,1,1,1,4
65,ERI_1,97,17,7,1,0,1,1,1,1,1,4
66,ESH_1,113,17,7,1,0,1,1,1,1,1,4
67,ESP_1,209,19,7,1,0,1,1,1,1,1,4
68,EST_1,122,9,7,1,0,1,1,1,1,1,4
69,ETH_1,97,17,7,1,0,1,1,1,1,1,4
70,FIN_1,109,18,7,1,0,1,1,1,1,1,4
71,FJI_1,86,29,7,1,0,1,1,1,1,1,4
72,FLK_1,97,17,7,1,0,1,1,1,1,1,4
73,FRA_1,209,19,7,1,0,1,1,1,1,1,4
74,FRO_1,97,17,7,1,0,1,1,1,1,1,4
75,FSM_1,113,17,7,1,0,1,1,1,1,1,4
76,GAB_1,89,29,7,1,0,1,1,1,1,1,4
77,GBR_1,109,18,7,1,0,1,1,1,1,1,4
78,GEO_1,20,9,7,1,0,1,1,1,1,1,4
79,GGY_1,141,17,7,1,0,1,1,1,1,1,4
80,GHA_1,109,18,7,1,0,1,1,1,1,1,4
81,GIB_1,141,17,7,1,0,1,1,1,1,1,4
82,GIN_1,97,17,7,1,0,1,1,1,1,1,4
83,GLP_1,113,17,7,1,0,1,1,1,1,1,4
84,GMB_1,89,29,7,1,0,1,1,1,1,1,4
85,GNB_1,11,29,7,1,0,1,1,1,1,1,4
86,GNQ_1,89,29,7,1,0,1,1,1,1,1,4
87,GRC_1,143,9,7,1,0,1,1,1,1,1,4
88,GRD_1,216,29,7,1,0,1,1,1,1,1,4
89,GRL_1,216,29,7,1,0,1,1,1,1,1,4
90,GTM_1,94,26,7,1,0,1,1,1,1,1,4
91,GUF_1,113,17,7,1,0,1,1,1,1,1,4
92,GUM_1,113,17,7,1,0,1,1,1,1,1,4
93,GUY_1,97,17,7,1,0,1,1,1,1,1,4
94,HKG_1,143,9,7,1,0,1,1,1,1,1,4
95,HMD_1,113,17,7,1,0,1,1,1,1,1,4
96,HND_1,94,26,7,1,0,1,1,1,1,1,4
97,HRV_1,20,9,7,1,0,1,1,1,1,1,4
98,HTI_1,125,17,7,1,0,1,1,1,1,1,4
99,HUN_1,94,26,7,1,0,1,1,1,1,1,4
100,IDN_1,209,19,7,1,0,1,1,1,1,1,4
101,IMN_1,141,17,7,1,0,1,1,1,1,1,4
102,IND_1,109,18,7,1,0,1,1,1,1,1,4
103,IOT_1,97,17,7,1,0,1,1,1,1,1,4
104,IRL_1,64,26,7,1,0,1,1,1,1,1,4
105,IRN_1,109,18,7,1,0,1,1,1,1,1,4
106,IRQ_1,216,29,7,1,0,1,1,1,1,1,4
107,ISL_1,122,9,7,1,0,1,1,1,1,1,4
108,ISR_1,64,26,7,1,0,1,1,1,1,1,4
109,ITA_1,513,19,7,1,0,1,1,1,1,1,4
110,JAM_1,141,17,7,1,0,1,1,1,1,1,4
111,JEY_1,141,17,7,1,0,1,1,1,1,1,4
112,JOR_1,141,17,7,1,0,1,1,1,1,1,4
113,JPN_1,64,26,7,1,0,1,1,1,1,1,4
114,KAZ_1,101,9,7,1,0,1,1,1,1,1,4
115,KEN_1,89,29,7,1,0,1,1,1,1,1,4
116,KGZ_1,20,9,7,1,0,1,1,1,1,1,4
117,KHM_1,94,26,7,1,0,1,1,1,1,1,4
118,KHX_1,101,9,7,1,0,1,1,1,1,1,4
119,KIR_1,170,29,7,1,0,1,1,1,1,1,4
120,KNA_1,170,29,7,1,0,1,1,1,1,1,4
121,KOR_1,209,19,7,1,0,1,1,1,1,1,4
122,KWT_1,143,9,7,1,0,1,1,1,1,1,4
123,LAO_1,86,29,7,1,0,1,1,1,1,1,4
124,LBN_1,143,9,7,1,0,1,1,1,1,1,4
125,LBR_1,43,17,7,1,0,1,1,1,1,1,4
126,LBY_1,11,29,7,1,0,1,1,1,1,1,4
127,LCA_1,170,29,7,1,0,1,1,1,1,1,4
128,LIE_1,141,17,7,1,0,1,1,1,1,1,4
129,LKA_1,109,18,7,1,0,1,1,1,1,1,4
130,LSO_1,97,17,7,1,0,1,1,1,1,1,4
131,LTU_1,94,26,7,1,0,1,1,1,1,1,4
132,LUX_1,109,18,7,1,0,1,1,1,1,1,4
133,LVA_1,101,9,7,1,0,1,1,1,1,1,4
134,MAR_1,122,9,7,1,0,1,1,1,1,1,4
135,MCA_1,89,29,7,1,0,1,1,1,1,1,4
136,MCO_1,43,17,7,1,0,1,1,1,1,1,4
137,MDA_1,109,18,7,1,0,1,1,1,1,1,4
138,MDG_1,130,9,7,1,0,1,1,1,1,1,4
139,MDV_1,216,29,7,1,0,1,1,1,1,1,4
140,MEX_1,109,18,7,1,0,1,1,1,1,1,4
141,MHL_1,141,17,7,1,0,1,1,1,1,1,4
142,MKD_1,20,9,7,1,0,1,1,1,1,1,4
143,MLI_1,130,9,7,1,0,1,1,1,1,1,4
144,MLT_1,94,26,7,1,0,1,1,1,1,1,4
145,MMR_1,94,26,7,1,0,1,1,1,1,1,4
146,MNE_1,109,18,7,1,0,1,1,1,1,1,4
147,MNG_1,94,26,7,1,0,1,1,1,1,1,4
148,MNP_1,113,17,7,1,0,1,1,1,1,1,4
149,MOZ_1,130,9,7,1,0,1,1,1,1,1,4
150,MRT_1,89,29,7,1,0,1,1,1,1,1,4
151,MST_1,113,17,7,1,0,1,1,1,1,1,4
152,MTQ_1,113,17,7,1,0,1,1,1,1,1,4
153,MUS_1,209,19,7,1,0,1,1,1,1,1,4
154,MWI_1,97,17,7,1,0,1,1,1,1,1,4
155,MYS_1,64,26,7,1,0,1,1,1,1,1,4
156,MYT_1,97,17,7,1,0,1,1,1,1,1,4
157,NAM_1,89,29,7,1,0,1,1,1,1,1,4
158,NCL_1,97,17,7,1,0,1,1,1,1,1,4
159,NER_1,130,9,7,1,0,1,1,1,1,1,4
160,NFK_1,125,17,7,1,0,1,1,1,1,1,4
161,NGA_1,109,18,7,1,0,1,1,1,1,1,4
162,NIC_1,43,17,7,1,0,1,1,1,1,1,4
163,NIU_1,97,17,7,1,0,1,1,1,1,1,4
164,NLD_1,513,19,7,1,0,1,1,1,1,1,4
165,NOR_1,143,9,7,1,0,1,1,1,1,1,4
166,NPL_1,101,9,7,1,0,1,1,1,1,1,4
167,NRU_1,125,17,7,1,0,1,1,1,1,1,4
168,NZL_1,94,26,7,1,0,1,1,1,1,1,4
169,OMN_1,43,17,7,1,0,1,1,1,1,1,4
170,PAK_1,20,9,7,1,0,1,1,1,1,1,4
171,PAN_1,20,9,7,1,0,1,1,1,1,1,4
172,PCN_1,113,17,7,1,0,1,1,1,1,1,4
173,PER_1,20,9,7,1,0,1,1,1,1,1,4
174,PHL_1,94,26,7,1,0,1,1,1,1,1,4
175,PLW_1,89,29,7,1,0,1,1,1,1,1,4
176,PNG_1,170,29,7,1,0,1,1,1,1,1,4
177,POL_1,109,18,7,1,0,1,1,1,1,1,4
178,PRI_1,43,17,7,1,0,1,1,1,1,1,4
179,PRK_1,43,17,7,1,0,1,1,1,1,1,4
180,PRT_1,122,9,7,1,0,1,1,1,1,1,4
181,PRY_1,64,26,7,1,0,1,1,1,1,1,4
182,PSE_1,94,26,7,1,0,1,1,1,1,1,4
183,PYF_1,113,17,7,1,0,1,1,1,1,1,4
184,QAT_1,43,17,7,1,0,1,1,1,1,1,4
185,REU_1,97,17,7,1,0,1,1,1,1,1,4
186,ROU_1,143,9,7,1,0,1,1,1,1,1,4
187,RUS_1,109,18,7,1,0,1,1,1,1,1,4
188,RWA_1,130,9,7,1,0,1,1,1,1,1,4
189,SAU_1,109,18,7,1,0,1,1,1,1,1,4
190,SDN_1,216,29,7,1,0,1,1,1,1,1,4
191,SEN_1,89,29,7,1,0,1,1,1,1,1,4
192,SGP_1,209,19,7,1,0,1,1,1,1,1,4
193,SGS_1,113,17,7,1,0,1,1,1,1,1,4
194,SHN_1,113,17,7,1,0,1,1,1,1,1,4
195,SLB_1,86,29,7,1,0,1,1,1,1,1,4
196,SLE_1,216,29,7,1,0,1,1,1,1,1,4
197,SLV_1,94,26,7,1,0,1,1,1,1,1,4
198,SMR_1,216,29,7,1,0,1,1,1,1,1,4
199,SOM_1,97,17,7,1,0,1,1,1,1,1,4
200,SPM_1,113,17,7,1,0,1,1,1,1,1,4
201,SRB_1,209,19,7,1,0,1,1,1,1,1,4
202,SSD_1,97,17,7,1,0,1,1,1,1,1,4
203,STM_1,101,9,7,1,0,1,1,1,1,1,4
204,STP_1,97,17,7,1,0,1,1,1,1,1,4
205,SUR_1,170,29,7,1,0,1,1,1,1,1,4
206,SVK_1,94,26,7,1,0,1,1,1,1,1,4
207,SVN_1,20,9,7,1,0,1,1,1,1,1,4
208,SWE_1,64,26,7,1,0,1,1,1,1,1,4
209,SWZ_1,89,29,7,1,0,1,1,1,1,1,4
210,SYC_1,141,17,7,1,0,1,1,1,1,1,4
211,SYR_1,43,17,7,1,0,1,1,1,1,1,4
212,TCA_1,216,29,7,1,0,1,1,1,1,1,4
213,TCD_1,97,17,7,1,0,1,1,1,1,1,4
214,TGO_1,130,9,7,1,0,1,1,1,1,1,4
215,THA_1,109,18,7,1,0,1,1,1,1,1,4
216,TJK_1,94,26,7,1,0,1,1,1,1,1,4
217,TKL_1,113,17,7,1,0,1,1,1,1,1,4
218,TKM_1,43,17,7,1,0,1,1,1,1,1,4
219,TLS_1,97,17,7,1,0,1,1,1,1,1,4
220,TON_1,113,17,7,1,0,1,1,1,1,1,4
221,TTO_1,141,17,7,1,0,1,1,1,1,1,4
222,TUN_1,141,17,7,1,0,1,1,1,1,1,4
223,TUR_1,109,18,7,1,0,1,1,1,1,1,4
224,TUV_1,113,17,7,1,0,1,1,1,1,1,4
225,TWN_1,64,26,7,1,0,1,1,1,1,1,4
226,TZA_1,109,18,7,1,0,1,1,1,1,1,4
227,UGA_1,130,9,7,1,0,1,1,1,1,1,4
228,UKR_1,109,18,7,1,0,1,1,1,1,1,4
229,URY_1,94,26,7,1,0,1,1,1,1,1,4
230,USA_1,109,18,7,1,0,1,1,1,1,1,4
231,UZB_1,43,17,7,1,0,1,1,1,1,1,4
232,VAT_1,97,17,7,1,0,1,1,1,1,1,4
233,VCT_1,170,29,7,1,0,1,1,1,1,1,4
234,VEN_1,94,26,7,1,0,1,1,1,1,1,4
235,VGB_1,64,26,7,1,0,1,1,1,1,1,4
236,VIR_1,141,17,7,1,0,1,1,1,1,1,4
237,VNM_1,141,17,7,1,0,1,1,1,1,1,4
238,VUT_1,170,29,7,1,0,1,1,1,1,1,4
239,WLF_1,113,17,7,1,0,1,1,1,1,1,4
240,WSM_1,86,29,7,1,0,1,1,1,1,1,4
241,YEM_1,216,29,7,1,0,1,1,1,1,1,4
242,ZAF_1,122,9,7,1,0,1,1,1,1,1,4
243,ZMB_1,130,9,7,1,0,1,1,1,1,1,4
244,ZWE_1,97,17,7,1,0,1,1,1,1,1,4
245,ABW_2,588,32,2,2,2,2,2,2,2,2,4
246,AFG_2,483,27,2,2,2,2,2,2,2,2,4
247,AGL_2,483,27,2,2,2,2,2,2,2,2,4
248,AGO_2,483,27,2,2,2,2,2,2,2,2,4
249,ALB_2,483,27,2,2,2,2,2,2,2,2,4
250,AND_2,501,2,2,2,2,2,2,2,2,2,4
251,ANT_2,501,2,2,2,2,2,2,2,2,2,4
252,ARE_2,483,27,2,2,2,2,2,2,2,2,4
253,ARG_2,423,34,2,2,2,2,2,2,2,2,4
254,ARM_2,483,27,2,2,2,2,2,2,2,2,4
255,ASM_2,501,2,2,2,2,2,2,2,2,2,4
256,ATF_2,501,2,2,2,2,2,2,2,2,2,4
257,ATG_2,501,2,2,2,2,2,2,2,2,2,4
258,AUS_2,372,32,2,2,2,2,2,2,2,2,4
259,AUT_2,483,27,2,2,2,2,2,2,2,2,4
260,AZE_2,436,34,2,2,2,2,2,2,2,2,4
261,BDI_2,501,2,2,2,2,2,2,2,2,2,4
262,BEL_2,382,34,2,2,2,2,2,2,2,2,4
263,BEN_2,474,32,2,2,2,2,2,2,2,2,4
264,BES_2,501,2,2,2,2,2,2,2,2,2,4
265,BFA_2,474,32,2,2,2,2,2,2,2,2,4
266,BGD_2,588,32,2,2,2,2,2,2,2,2,4
267,BGR_2,436,34,2,2,2,2,2,2,2,2,4
268,BHR_2,372,32,2,2,2,2,2,2,2,2,4
269,BHS_2,483,27,2,2,2,2,2,2,2,2,4
270,BIH_2,483,27,2,2,2,2,2,2,2,2,4
271,BLR_2,588,32,2,2,2,2,2,2,2,2,4
272,BLZ_2,483,27,2,2,2,2,2,2,2,2,4
273,BMU_2,483,27,2,2,2,2,2,2,2,2,4
274,BOL_2,483,27,2,2,2,2,2,2,2,2,4
275,BRA_2,382,34,2,2,2,2,2,2,2,2,4
276,BRB_2,483,27,2,2,2,2,2,2,2,2,4
277,BRN_2,501,2,2,2,2,2,2,2,2,2,4
278,BTN_2,483,27,2,2,2,2,2,2,2,2,4
279,BVT_2,501,2,2,2,2,2,2,2,2,2,4
280,BWA_2,474,32,2,2,2,2,2,2,2,2,4
281,CAF_2,501,2,2,2,2,2,2,2,2,2,4
282,CAN_2,382,34,2,2,2,2,2,2,2,2,4
283,CCK_2,501,2,2,2,2,2,2,2,2,2,4
284,CHE_2,483,27,2,2,2,2,2,2,2,2,4
285,CHL_2,483,27,2,2,2,2,2,2,2,2,4
286,CHN_2,655,7,2,2,2,2,2,2,2,2,4
287,CIV_2,474,32,2,2,2,2,2,2,2,2,4
288,CMR_2,483,27,2,2,2,2,2,2,2,2,4
289,COD_2,501,2,2,2,2,2,2,2,2,2,4
290,COG_2,483,27,2,2,2,2,2,2,2,2,4
291,COK_2,483,27,2,2,2,2,2,2,2,2,4
292,COL_2,483,27,2,2,2,2,2,2,2,2,4
293,COM_2,501,2,2,2,2,2,2,2,2,2,4
294,CPV_2,474,32,2,2,2,2,2,2,2,2,4
295,CRI_2,588,32,2,2,2,2,2,2,2,2,4
296,CUB_2,483,27,2,2,2,2,2,2,2,2,4
297,CUR_2,588,32,2,2,2,2,2,2,2,2,4
298,CXR_2,501,2,2,2,2,2,2,2,2,2,4
299,CYM_2,483,27,2,2,2,2,2,2,2,2,4
300,CYP_2,372,32,2,2,2,2,2,2,2,2,4
301,CZE_2,588,32,2,2,2,2,2,2,2,2,4
302,DEU_2,423,34,2,2,2,2,2,2,2,2,4
303,DJI_2,501,2,2,2,2,2,2,2,2,2,4
304,DMA_2,483,27,2,2,2,2,2,2,2,2,4
305,DNK_2,436,34,2,2,2,2,2,2,2,2,4
306,DOM_2,423,34,2,2,2,2,2,2,2,2,4
307,DZA_2,483,27,2,2,2,2,2,2,2,2,4
308,ECU_2,483,27,2,2,2,2,2,2,2,2,4
309,EGY_2,483,27,2,2,2,2,2,2,2,2,4
310,ERI_2,501,2,2,2,2,2,2,2,2,2,4
311,ESH_2,501,2,2,2,2,2,2,2,2,2,4
312,ESP_2,423,34,2,2,2,2,2,2,2,2,4
313,EST_2,588,32,2,2,2,2,2,2,2,2,4
314,ETH_2,483,27,2,2,2,2,2,2,2,2,4
315,FIN_2,423,34,2,2,2,2,2,2,2,2,4
316,FJI_2,588,32,2,2,2,2,2,2,2,2,4
317,FLK_2,501,2,2,2,2,2,2,2,2,2,4
318,FRA_2,382,34,2,2,2,2,2,2,2,2,4
319,FRO_2,501,2,2,2,2,2,2,2,2,2,4
320,FSM_2,501,2,2,2,2,2,2,2,2,2,4
321,GAB_2,501,2,2,2,2,2,2,2,2,2,4
322,GBR_2,423,34,2,2,2,2,2,2,2,2,4
323,GEO_2,436,34,2,2,2,2,2,2,2,2,4
324,GGY_2,483,27,2,2,2,2,2,2,2,2,4
325,GHA_2,436,34,2,2,2,2,2,2,2,2,4
326,GIB_2,483,27,2,2,2,2,2,2,2,2,4
327,GIN_2,474,32,2,2,2,2,2,2,2,2,4
328,GLP_2,501,2,2,2,2,2,2,2,2,2,4
329,GMB_2,501,2,2,2,2,2,2,2,2,2,4
330,GNB_2,474,32,2,2,2,2,2,2,2,2,4
331,GNQ_2,501,2,2,2,2,2,2,2,2,2,4
332,GRC_2,372,32,2,2,2,2,2,2,2,2,4
333,GRD_2,483,27,2,2,2,2,2,2,2,2,4
334,GRL_2,501,2,2,2,2,2,2,2,2,2,4
335,GTM_2,483,27,2,2,2,2,2,2,2,2,4
336,GUF_2,501,2,2,2,2,2,2,2,2,2,4
337,GUM_2,501,2,2,2,2,2,2,2,2,2,4
338,GUY_2,501,2,2,2,2,2,2,2,2,2,4
339,HKG_2,483,27,2,2,2,2,2,2,2,2,4
340,HMD_2,501,2,2,2,2,2,2,2,2,2,4
341,HND_2,483,27,2,2,2,2,2,2,2,2,4
342,HRV_2,588,32,2,2,2,2,2,2,2,2,4
343,HTI_2,501,2,2,2,2,2,2,2,2,2,4
344,HUN_2,483,27,2,2,2,2,2,2,2,2,4
345,IDN_2,423,34,2,2,2,2,2,2,2,2,4
346,IMN_2,483,27,2,2,2,2,2,2,2,2,4
347,IND_2,436,34,2,2,2,2,2,2,2,2,4
348,IOT_2,501,2,2,2,2,2,2,2,2,2,4
349,IRL_2,423,34,2,2,2,2,2,2,2,2,4
350,IRN_2,423,34,2,2,2,2,2,2,2,2,4
351,IRQ_2,483,27,2,2,2,2,2,2,2,2,4
352,ISL_2,588,32,2,2,2,2,2,2,2,2,4
353,ISR_2,483,27,2,2,2,2,2,2,2,2,4
354,ITA_2,382,34,2,2,2,2,2,2,2,2,4
355,JAM_2,483,27,2,2,2,2,2,2,2,2,4
356,JEY_2,483,27,2,2,2,2,2,2,2,2,4
357,JOR_2,483,27,2,2,2,2,2,2,2,2,4
358,JPN_2,483,27,2,2,2,2,2,2,2,2,4
359,KAZ_2,291,7,2,2,2,2,2,2,2,2,4
360,KEN_2,483,27,2,2,2,2,2,2,2,2,4
361,KGZ_2,483,27,2,2,2,2,2,2,2,2,4
362,KHM_2,436,34,2,2,2,2,2,2,2,2,4
363,KHX_2,483,27,2,2,2,2,2,2,2,2,4
364,KIR_2,501,2,2,2,2,2,2,2,2,2,4
365,KNA_2,483,27,2,2,2,2,2,2,2,2,4
366,KOR_2,382,34,2,2,2,2,2,2,2,2,4
367,KWT_2,372,32,2,2,2,2,2,2,2,2,4
368,LAO_2,501,2,2,2,2,2,2,2,2,2,4
369,LBN_2,483,27,2,2,2,2,2,2,2,2,4
370,LBR_2,483,27,2,2,2,2,2,2,2,2,4
371,LBY_2,483,27,2,2,2,2,2,2,2,2,4
372,LCA_2,483,27,2,2,2,2,2,2,2,2,4
373,LIE_2,483,27,2,2,2,2,2,2,2,2,4
374,LKA_2,588,32,2,2,2,2,2,2,2,2,4
375,LSO_2,501,2,2,2,2,2,2,2,2,2,4
376,LTU_2,483,27,2,2,2,2,2,2,2,2,4
377,LUX_2,382,34,2,2,2,2,2,2,2,2,4
378,LVA_2,483,27,2,2,2,2,2,2,2,2,4
379,MAR_2,436,34,2,2,2,2,2,2,2,2,4
380,MCA_2,483,27,2,2,2,2,2,2,2,2,4
381,MCO_2,501,2,2,2,2,2,2,2,2,2,4
382,MDA_2,588,32,2,2,2,2,2,2,2,2,4
383,MDG_2,474,32,2,2,2,2,2,2,2,2,4
384,MDV_2,501,2,2,2,2,2,2,2,2,2,4
385,MEX_2,588,32,2,2,2,2,2,2,2,2,4
386,MHL_2,501,2,2,2,2,2,2,2,2,2,4
387,MKD_2,588,32,2,2,2,2,2,2,2,2,4
388,MLI_2,474,32,2,2,2,2,2,2,2,2,4
389,MLT_2,616,7,2,2,2,2,2,2,2,2,4
390,MMR_2,372,32,2,2,2,2,2,2,2,2,4
391,MNE_2,436,34,2,2,2,2,2,2,2,2,4
392,MNG_2,588,32,2,2,2,2,2,2,2,2,4
393,MNP_2,501,2,2,2,2,2,2,2,2,2,4
394,MOZ_2,474,32,2,2,2,2,2,2,2,2,4
395,MRT_2,501,2,2,2,2,2,2,2,2,2,4
396,MST_2,501,2,2,2,2,2,2,2,2,2,4
397,MTQ_2,501,2,2,2,2,2,2,2,2,2,4
398,MUS_2,382,34,2,2,2,2,2,2,2,2,4
399,MWI_2,501,2,2,2,2,2,2,2,2,2,4
400,MYS_2,483,27,2,2,2,2,2,2,2,2,4
401,MYT_2,501,2,2,2,2,2,2,2,2,2,4
402,NAM_2,501,2,2,2,2,2,2,2,2,2,4
403,NCL_2,501,2,2,2,2,2,2,2,2,2,4
404,NER_2,483,27,2,2,2,2,2,2,2,2,4
405,NFK_2,501,2,2,2,2,2,2,2,2,2,4
406,NGA_2,436,34,2,2,2,2,2,2,2,2,4
407,NIC_2,483,27,2,2,2,2,2,2,2,2,4
408,NIU_2,501,2,2,2,2,2,2,2,2,2,4
409,NLD_2,655,7,2,2,2,2,2,2,2,2,4
410,NOR_2,616,7,2,2,2,2,2,2,2,2,4
411,NPL_2,588,32,2,2,2,2,2,2,2,2,4
412,NRU_2,501,2,2,2,2,2,2,2,2,2,4
413,NZL_2,483,27,2,2,2,2,2,2,2,2,4
414,OMN_2,483,27,2,2,2,2,2,2,2,2,4
415,PAK_2,436,34,2,2,2,2,2,2,2,2,4
416,PAN_2,291,7,2,2,2,2,2,2,2,2,4
417,PCN_2,501,2,2,2,2,2,2,2,2,2,4
418,PER_2,483,27,2,2,2,2,2,2,2,2,4
419,PHL_2,616,7,2,2,2,2,2,2,2,2,4
420,PLW_2,483,27,2,2,2,2,2,2,2,2,4
421,PNG_2,483,27,2,2,2,2,2,2,2,2,4
422,POL_2,382,34,2,2,2,2,2,2,2,2,4
423,PRI_2,483,27,2,2,2,2,2,2,2,2,4
424,PRK_2,501,2,2,2,2,2,2,2,2,2,4
425,PRT_2,372,32,2,2,2,2,2,2,2,2,4
426,PRY_2,372,32,2,2,2,2,2,2,2,2,4
427,PSE_2,483,27,2,2,2,2,2,2,2,2,4
428,PYF_2,501,2,2,2,2,2,2,2,2,2,4
429,QAT_2,483,27,2,2,2,2,2,2,2,2,4
430,REU_2,501,2,2,2,2,2,2,2,2,2,4
431,ROU_2,483,27,2,2,2,2,2,2,2,2,4
432,RUS_2,436,34,2,2,2,2,2,2,2,2,4
433,RWA_2,474,32,2,2,2,2,2,2,2,2,4
434,SAU_2,423,34,2,2,2,2,2,2,2,2,4
435,SDN_2,483,27,2,2,2,2,2,2,2,2,4
436,SEN_2,474,32,2,2,2,2,2,2,2,2,4
437,SGP_2,382,34,2,2,2,2,2,2,2,2,4
438,SGS_2,501,2,2,2,2,2,2,2,2,2,4
439,SHN_2,501,2,2,2,2,2,2,2,2,2,4
440,SLB_2,483,27,2,2,2,2,2,2,2,2,4
441,SLE_2,501,2,2,2,2,2,2,2,2,2,4
442,SLV_2,483,27,2,2,2,2,2,2,2,2,4
443,SMR_2,501,2,2,2,2,2,2,2,2,2,4
444,SOM_2,501,2,2,2,2,2,2,2,2,2,4
445,SPM_2,501,2,2,2,2,2,2,2,2,2,4
446,SRB_2,423,34,2,2,2,2,2,2,2,2,4
447,SSD_2,501,2,2,2,2,2,2,2,2,2,4
448,STM_2,483,27,2,2,2,2,2,2,2,2,4
449,STP_2,501,2,2,2,2,2,2,2,2,2,4
450,SUR_2,501,2,2,2,2,2,2,2,2,2,4
451,SVK_2,483,27,2,2,2,2,2,2,2,2,4
452,SVN_2,372,32,2,2,2,2,2,2,2,2,4
453,SWE_2,483,27,2,2,2,2,2,2,2,2,4
454,SWZ_2,501,2,2,2,2,2,2,2,2,2,4
455,SYC_2,483,27,2,2,2,2,2,2,2,2,4
456,SYR_2,483,27,2,2,2,2,2,2,2,2,4
457,TCA_2,501,2,2,2,2,2,2,2,2,2,4
458,TCD_2,501,2,2,2,2,2,2,2,2,2,4
459,TGO_2,474,32,2,2,2,2,2,2,2,2,4
460,THA_2,423,34,2,2,2,2,2,2,2,2,4
461,TJK_2,483,27,2,2,2,2,2,2,2,2,4
462,TKL_2,501,2,2,2,2,2,2,2,2,2,4
463,TKM_2,483,27,2,2,2,2,2,2,2,2,4
464,TLS_2,501,2,2,2,2,2,2,2,2,2,4
465,TON_2,501,2,2,2,2,2,2,2,2,2,4
466,TTO_2,483,27,2,2,2,2,2,2,2,2,4
467,TUN_2,483,27,2,2,2,2,2,2,2,2,4
468,TUR_2,372,32,2,2,2,2,2,2,2,2,4
469,TUV_2,501,2,2,2,2,2,2,2,2,2,4
470,TWN_2,483,27,2,2,2,2,2,2,2,2,4
471,TZA_2,436,34,2,2,2,2,2,2,2,2,4
472,UGA_2,474,32,2,2,2,2,2,2,2,2,4
473,UKR_2,423,34,2,2,2,2,2,2,2,2,4
474,URY_2,483,27,2,2,2,2,2,2,2,2,4
475,USA_2,436,34,2,2,2,2,2,2,2,2,4
476,UZB_2,483,27,2,2,2,2,2,2,2,2,4
477,VAT_2,501,2,2,2,2,2,2,2,2,2,4
478,VCT_2,501,2,2,2,2,2,2,2,2,2,4
479,VEN_2,483,27,2,2,2,2,2,2,2,2,4
480,VGB_2,483,27,2,2,2,2,2,2,2,2,4
481,VIR_2,483,27,2,2,2,2,2,2,2,2,4
482,VNM_2,483,27,2,2,2,2,2,2,2,2,4
483,VUT_2,501,2,2,2,2,2,2,2,2,2,4
484,WLF_2,501,2,2,2,2,2,2,2,2,2,4
485,WSM_2,291,7,2,2,2,2,2,2,2,2,4
486,YEM_2,483,27,2,2,2,2,2,2,2,2,4
487,ZAF_2,372,32,2,2,2,2,2,2,2,2,4
488,ZMB_2,436,34,2,2,2,2,2,2,2,2,4
489,ZWE_2,501,2,2,2,2,2,2,2,2,2,4
490,ABW_3,555,33,3,3,3,3,3,3,3,3,2
491,AFG_3,586,10,3,3,3,3,3,3,3,3,2
492,AGL_3,586,10,3,3,3,3,3,3,3,3,2
493,AGO_3,610,10,3,3,3,3,3,3,3,3,2
494,ALB_3,92,23,3,3,3,3,3,3,3,3,2
495,AND_3,610,10,3,3,3,3,3,3,3,3,2
496,ANT_3,680,24,3,3,3,3,3,3,3,3,2
497,ARE_3,705,33,3,3,3,3,3,3,3,3,2
498,ARG_3,552,23,3,3,3,3,3,3,3,3,2
499,ARM_3,230,33,3,3,3,3,3,3,3,3,2
500,ASM_3,462,33,3,3,3,3,3,3,3,3,2
501,ATF_3,318,24,3,3,3,3,3,3,3,3,2
502,ATG_3,610,10,3,3,3,3,3,3,3,3,2
503,AUS_3,705,33,3,3,3,3,3,3,3,3,2
504,AUT_3,92,23,3,3,3,3,3,3,3,3,2
505,AZE_3,552,23,3,3,3,3,3,3,3,3,2
506,BDI_3,610,10,3,3,3,3,3,3,3,3,2
507,BEL_3,641,22,3,3,3,3,3,3,3,3,2
508,BEN_3,225,22,3,3,3,3,3,3,3,3,2
509,BES_3,462,33,3,3,3,3,3,3,3,3,2
510,BFA_3,440,33,3,3,3,3,3,3,3,3,2
511,BGD_3,502,33,3,3,3,3,3,3,3,3,2
512,BGR_3,630,23,3,3,3,3,3,3,3,3,2
513,BHR_3,92,23,3,3,3,3,3,3,3,3,2
514,BHS_3,562,10,3,3,3,3,3,3,3,3,2
515,BIH_3,440,33,3,3,3,3,3,3,3,3,2
516,BLR_3,654,33,3,3,3,3,3,3,3,3,2
517,BLZ_3,562,10,3,3,3,3,3,3,3,3,2
518,BMU_3,705,33,3,3,3,3,3,3,3,3,2
519,BOL_3,555,33,3,3,3,3,3,3,3,3,2
520,BRA_3,630,23,3,3,3,3,3,3,3,3,2
521,BRB_3,705,33,3,3,3,3,3,3,3,3,2
522,BRN_3,618,10,3,3,3,3,3,3,3,3,2
523,BTN_3,462,33,3,3,3,3,3,3,3,3,2
524,BVT_3,318,24,3,3,3,3,3,3,3,3,2
525,BWA_3,611,22,3,3,3,3,3,3,3,3,2
526,CAF_3,649,24,3,3,3,3,3,3,3,3,2
527,CAN_3,683,22,3,3,3,3,3,3,3,3,2
528,CCK_3,649,24,3,3,3,3,3,3,3,3,2
529,CHE_3,708,22,3,3,3,3,3,3,3,3,2
530,CHL_3,708,22,3,3,3,3,3,3,3,3,2
531,CHN_3,683,22,3,3,3,3,3,3,3,3,2
532,CIV_3,92,23,3,3,3,3,3,3,3,3,2
533,CMR_3,618,10,3,3,3,3,3,3,3,3,2
534,COD_3,618,10,3,3,3,3,3,3,3,3,2
535,COG_3,610,10,3,3,3,3,3,3,3,3,2
536,COK_3,462,33,3,3,3,3,3,3,3,3,2
537,COL_3,562,10,3,3,3,3,3,3,3,3,2
538,COM_3,649,24,3,3,3,3,3,3,3,3,2
539,CPV_3,92,23,3,3,3,3,3,3,3,3,2
540,CRI_3,555,33,3,3,3,3,3,3,3,3,2
541,CUB_3,586,10,3,3,3,3,3,3,3,3,2
542,CUR_3,555,33,3,3,3,3,3,3,3,3,2
543,CXR_3,318,24,3,3,3,3,3,3,3,3,2
544,CYM_3,705,33,3,3,3,3,3,3,3,3,2
545,CYP_3,641,22,3,3,3,3,3,3,3,3,2
546,CZE_3,641,22,3,3,3,3,3,3,3,3,2
547,DEU_3,552,23,3,3,3,3,3,3,3,3,2
548,DJI_3,610,10,3,3,3,3,3,3,3,3,2
549,DMA_3,586,10,3,3,3,3,3,3,3,3,2
550,DNK_3,92,23,3,3,3,3,3,3,3,3,2
551,DOM_3,92,23,3,3,3,3,3,3,3,3,2
552,DZA_3,440,33,3,3,3,3,3,3,3,3,2
553,ECU_3,562,10,3,3,3,3,3,3,3,3,2
554,EGY_3,618,10,3,3,3,3,3,3,3,3,2
555,ERI_3,680,24,3,3,3,3,3,3,3,3,2
556,ESH_3,318,24,3,3,3,3,3,3,3,3,2
557,ESP_3,630,23,3,3,3,3,3,3,3,3,2
558,EST_3,552,23,3,3,3,3,3,3,3,3,2
559,ETH_3,610,10,3,3,3,3,3,3,3,3,2
560,FIN_3,92,23,3,3,3,3,3,3,3,3,2
561,FJI_3,462,33,3,3,3,3,3,3,3,3,2
562,FLK_3,680,24,3,3,3,3,3,3,3,3,2
563,FRA_3,630,23,3,3,3,3,3,3,3,3,2
564,FRO_3,586,10,3,3,3,3,3,3,3,3,2
565,FSM_3,649,24,3,3,3,3,3,3,3,3,2
566,GAB_3,610,10,3,3,3,3,3,3,3,3,2
567,GBR_3,552,23,3,3,3,3,3,3,3,3,2
568,GEO_3,630,23,3,3,3,3,3,3,3,3,2
569,GGY_3,562,10,3,3,3,3,3,3,3,3,2
570,GHA_3,611,22,3,3,3,3,3,3,3,3,2
571,GIB_3,586,10,3,3,3,3,3,3,3,3,2
572,GIN_3,225,22,3,3,3,3,3,3,3,3,2
573,GLP_3,680,24,3,3,3,3,3,3,3,3,2
574,GMB_3,649,24,3,3,3,3,3,3,3,3,2
575,GNB_3,440,33,3,3,3,3,3,3,3,3,2
576,GNQ_3,610,10,3,3,3,3,3,3,3,3,2
577,GRC_3,641,22,3,3,3,3,3,3,3,3,2
578,GRD_3,680,24,3,3,3,3,3,3,3,3,2
579,GRL_3,680,24,3,3,3,3,3,3,3,3,2
580,GTM_3,555,33,3,3,3,3,3,3,3,3,2
581,GUF_3,318,24,3,3,3,3,3,3,3,3,2
582,GUM_3,649,24,3,3,3,3,3,3,3,3,2
583,GUY_3,680,24,3,3,3,3,3,3,3,3,2
584,HKG_3,708,22,3,3,3,3,3,3,3,3,2
585,HMD_3,318,24,3,3,3,3,3,3,3,3,2
586,HND_3,555,33,3,3,3,3,3,3,3,3,2
587,HRV_3,641,22,3,3,3,3,3,3,3,3,2
588,HTI_3,562,10,3,3,3,3,3,3,3,3,2
589,HUN_3,654,33,3,3,3,3,3,3,3,3,2
590,IDN_3,552,23,3,3,3,3,3,3,3,3,2
591,IMN_3,618,10,3,3,3,3,3,3,3,3,2
592,IND_3,552,23,3,3,3,3,3,3,3,3,2
593,IOT_3,610,10,3,3,3,3,3,3,3,3,2
594,IRL_3,630,23,3,3,3,3,3,3,3,3,2
595,IRN_3,552,23,3,3,3,3,3,3,3,3,2
596,IRQ_3,618,10,3,3,3,3,3,3,3,3,2
597,ISL_3,654,33,3,3,3,3,3,3,3,3,2
598,ISR_3,654,33,3,3,3,3,3,3,3,3,2
599,ITA_3,630,23,3,3,3,3,3,3,3,3,2
600,JAM_3,562,10,3,3,3,3,3,3,3,3,2
601,JEY_3,562,10,3,3,3,3,3,3,3,3,2
602,JOR_3,618,10,3,3,3,3,3,3,3,3,2
603,JPN_3,705,33,3,3,3,3,3,3,3,3,2
604,KAZ_3,230,33,3,3,3,3,3,3,3,3,2
605,KEN_3,618,10,3,3,3,3,3,3,3,3,2
606,KGZ_3,230,33,3,3,3,3,3,3,3,3,2
607,KHM_3,230,33,3,3,3,3,3,3,3,3,2
608,KHX_3,555,33,3,3,3,3,3,3,3,3,2
609,KIR_3,462,33,3,3,3,3,3,3,3,3,2
610,KNA_3,562,10,3,3,3,3,3,3,3,3,2
611,KOR_3,630,23,3,3,3,3,3,3,3,3,2
612,KWT_3,502,33,3,3,3,3,3,3,3,3,2
613,LAO_3,586,10,3,3,3,3,3,3,3,3,2
614,LBN_3,654,33,3,3,3,3,3,3,3,3,2
615,LBR_3,618,10,3,3,3,3,3,3,3,3,2
616,LBY_3,618,10,3,3,3,3,3,3,3,3,2
617,LCA_3,586,10,3,3,3,3,3,3,3,3,2
618,LIE_3,586,10,3,3,3,3,3,3,3,3,2
619,LKA_3,555,33,3,3,3,3,3,3,3,3,2
620,LSO_3,649,24,3,3,3,3,3,3,3,3,2
621,LTU_3,502,33,3,3,3,3,3,3,3,3,2
622,LUX_3,630,23,3,3,3,3,3,3,3,3,2
623,LVA_3,654,33,3,3,3,3,3,3,3,3,2
624,MAR_3,552,23,3,3,3,3,3,3,3,3,2
625,MCA_3,502,33,3,3,3,3,3,3,3,3,2
626,MCO_3,586,10,3,3,3,3,3,3,3,3,2
627,MDA_3,92,23,3,3,3,3,3,3,3,3,2
628,MDG_3,618,10,3,3,3,3,3,3,3,3,2
629,MDV_3,586,10,3,3,3,3,3,3,3,3,2
630,MEX_3,641,22,3,3,3,3,3,3,3,3,2
631,MHL_3,586,10,3,3,3,3,3,3,3,3,2
632,MKD_3,654,33,3,3,3,3,3,3,3,3,2
633,MLI_3,611,22,3,3,3,3,3,3,3,3,2
634,MLT_3,230,33,3,3,3,3,3,3,3,3,2
635,MMR_3,708,22,3,3,3,3,3,3,3,3,2
636,MNE_3,552,23,3,3,3,3,3,3,3,3,2
637,MNG_3,230,33,3,3,3,3,3,3,3,3,2
638,MNP_3,318,24,3,3,3,3,3,3,3,3,2
639,MOZ_3,440,33,3,3,3,3,3,3,3,3,2
640,MRT_3,618,10,3,3,3,3,3,3,3,3,2
641,MST_3,318,24,3,3,3,3,3,3,3,3,2
642,MTQ_3,680,24,3,3,3,3,3,3,3,3,2
643,MUS_3,630,23,3,3,3,3,3,3,3,3,2
644,MWI_3,610,10,3,3,3,3,3,3,3,3,2
645,MYS_3,562,10,3,3,3,3,3,3,3,3,2
646,MYT_3,318,24,3,3,3,3,3,3,3,3,2
647,NAM_3,610,10,3,3,3,3,3,3,3,3,2
648,NCL_3,649,24,3,3,3,3,3,3,3,3,2
649,NER_3,440,33,3,3,3,3,3,3,3,3,2
650,NFK_3,318,24,3,3,3,3,3,3,3,3,2
651,NGA_3,611,22,3,3,3,3,3,3,3,3,2
652,NIC_3,586,10,3,3,3,3,3,3,3,3,2
653,NIU_3,680,24,3,3,3,3,3,3,3,3,2
654,NLD_3,683,22,3,3,3,3,3,3,3,3,2
655,NOR_3,92,23,3,3,3,3,3,3,3,3,2
656,NPL_3,502,33,3,3,3,3,3,3,3,3,2
657,NRU_3,318,24,3,3,3,3,3,3,3,3,2
658,NZL_3,502,33,3,3,3,3,3,3,3,3,2
659,OMN_3,562,10,3,3,3,3,3,3,3,3,2
660,PAK_3,502,33,3,3,3,3,3,3,3,3,2
661,PAN_3,654,33,3,3,3,3,3,3,3,3,2
662,PCN_3,318,24,3,3,3,3,3,3,3,3,2
663,PER_3,562,10,3,3,3,3,3,3,3,3,2
664,PHL_3,502,33,3,3,3,3,3,3,3,3,2
665,PLW_3,562,10,3,3,3,3,3,3,3,3,2
666,PNG_3,586,10,3,3,3,3,3,3,3,3,2
667,POL_3,552,23,3,3,3,3,3,3,3,3,2
668,PRI_3,586,10,3,3,3,3,3,3,3,3,2
669,PRK_3,680,24,3,3,3,3,3,3,3,3,2
670,PRT_3,92,23,3,3,3,3,3,3,3,3,2
671,PRY_3,555,33,3,3,3,3,3,3,3,3,2
672,PSE_3,440,33,3,3,3,3,3,3,3,3,2
673,PYF_3,318,24,3,3,3,3,3,3,3,3,2
674,QAT_3,618,10,3,3,3,3,3,3,3,3,2
675,REU_3,680,24,3,3,3,3,3,3,3,3,2
676,ROU_3,654,33,3,3,3,3,3,3,3,3,2
677,RUS_3,552,23,3,3,3,3,3,3,3,3,2
678,RWA_3,92,23,3,3,3,3,3,3,3,3,2
679,SAU_3,552,23,3,3,3,3,3,3,3,3,2
680,SDN_3,610,10,3,3,3,3,3,3,3,3,2
681,SEN_3,611,22,3,3,3,3,3,3,3,3,2
682,SGP_3,552,23,3,3,3,3,3,3,3,3,2
683,SGS_3,649,24,3,3,3,3,3,3,3,3,2
684,SHN_3,649,24,3,3,3,3,3,3,3,3,2
685,SLB_3,555,33,3,3,3,3,3,3,3,3,2
686,SLE_3,610,10,3,3,3,3,3,3,3,3,2
687,SLV_3,555,33,3,3,3,3,3,3,3,3,2
688,SMR_3,680,24,3,3,3,3,3,3,3,3,2
689,SOM_3,462,33,3,3,3,3,3,3,3,3,2
690,SPM_3,318,24,3,3,3,3,3,3,3,3,2
691,SRB_3,630,23,3,3,3,3,3,3,3,3,2
692,SSD_3,610,10,3,3,3,3,3,3,3,3,2
693,STM_3,555,33,3,3,3,3,3,3,3,3,2
694,STP_3,649,24,3,3,3,3,3,3,3,3,2
695,SUR_3,649,24,3,3,3,3,3,3,3,3,2
696,SVK_3,654,33,3,3,3,3,3,3,3,3,2
697,SVN_3,92,23,3,3,3,3,3,3,3,3,2
698,SWE_3,708,22,3,3,3,3,3,3,3,3,2
699,SWZ_3,618,10,3,3,3,3,3,3,3,3,2
700,SYC_3,654,33,3,3,3,3,3,3,3,3,2
701,SYR_3,618,10,3,3,3,3,3,3,3,3,2
702,TCA_3,586,10,3,3,3,3,3,3,3,3,2
703,TCD_3,610,10,3,3,3,3,3,3,3,3,2
704,TGO_3,225,22,3,3,3,3,3,3,3,3,2
705,THA_3,641,22,3,3,3,3,3,3,3,3,2
706,TJK_3,230,33,3,3,3,3,3,3,3,3,2
707,TKL_3,318,24,3,3,3,3,3,3,3,3,2
708,TKM_3,586,10,3,3,3,3,3,3,3,3,2
709,TLS_3,680,24,3,3,3,3,3,3,3,3,2
710,TON_3,318,24,3,3,3,3,3,3,3,3,2
711,TTO_3,562,10,3,3,3,3,3,3,3,3,2
712,TUN_3,618,10,3,3,3,3,3,3,3,3,2
713,TUR_3,654,33,3,3,3,3,3,3,3,3,2
714,TUV_3,318,24,3,3,3,3,3,3,3,3,2
715,TWN_3,705,33,3,3,3,3,3,3,3,3,2
716,TZA_3,92,23,3,3,3,3,3,3,3,3,2
717,UGA_3,440,33,3,3,3,3,3,3,3,3,2
718,UKR_3,502,33,3,3,3,3,3,3,3,3,2
719,URY_3,705,33,3,3,3,3,3,3,3,3,2
720,USA_3,92,23,3,3,3,3,3,3,3,3,2
721,UZB_3,586,10,3,3,3,3,3,3,3,3,2
722,VAT_3,462,33,3,3,3,3,3,3,3,3,2
723,VCT_3,586,10,3,3,3,3,3,3,3,3,2
724,VEN_3,562,10,3,3,3,3,3,3,3,3,2
725,VGB_3,705,33,3,3,3,3,3,3,3,3,2
726,VIR_3,586,10,3,3,3,3,3,3,3,3,2
727,VNM_3,705,33,3,3,3,3,3,3,3,3,2
728,VUT_3,462,33,3,3,3,3,3,3,3,3,2
729,WLF_3,318,24,3,3,3,3,3,3,3,3,2
730,WSM_3,555,33,3,3,3,3,3,3,3,3,2
731,YEM_3,610,10,3,3,3,3,3,3,3,3,2
732,ZAF_3,92,23,3,3,3,3,3,3,3,3,2
733,ZMB_3,611,22,3,3,3,3,3,3,3,3,2
734,ZWE_3,618,10,3,3,3,3,3,3,3,3,2
